insert into customers (id_customers, first_name, last_name, email, gender, date_of_birth) values (1, 'Grete', 'Bascombe', 'gbascombe0@behance.net', 'Female', '1994.01.10');
insert into customers (id_customers, first_name, last_name, email, gender, date_of_birth) values (2, 'Nobie', 'Doniso', 'ndoniso1@infoseek.co.jp', 'Male', '2007.12.31');
insert into customers (id_customers, first_name, last_name, email, gender, date_of_birth) values (3, 'Garrick', 'Cantor', 'gcantor2@narod.ru', 'Male', '1998.11.12');
insert into customers (id_customers, first_name, last_name, email, gender, date_of_birth) values (4, 'Bram', 'Folkerd', 'bfolkerd3@weibo.com', 'Male', '1986.03.12');
insert into customers (id_customers, first_name, last_name, email, gender, date_of_birth) values (5, 'Trula', 'Chestle', 'tchestle4@ning.com', 'Female', '1959.11.06');
insert into customers (id_customers, first_name, last_name, email, gender, date_of_birth) values (6, 'Sylvia', 'Ramplee', 'sramplee5@virginia.edu', 'Female', '1953.04.16');
insert into customers (id_customers, first_name, last_name, email, gender, date_of_birth) values (7, 'Catina', 'Adenot', 'cadenot6@rediff.com', 'Female', '1961.04.28');
insert into customers (id_customers, first_name, last_name, email, gender, date_of_birth) values (8, 'Darla', 'St. Pierre', 'dstpierre7@123-reg.co.uk', 'Female', '1986.09.11');
insert into customers (id_customers, first_name, last_name, email, gender, date_of_birth) values (9, 'Bryon', 'Endrici', 'bendrici8@businesswire.com', 'Genderqueer', '1949.08.06');
insert into customers (id_customers, first_name, last_name, email, gender, date_of_birth) values (10, 'Meredeth', 'Calder', 'mcalder9@issuu.com', 'Bigender', '1993.05.13');
insert into customers (id_customers, first_name, last_name, email, gender, date_of_birth) values (11, 'Alexandros', 'Nend', 'anenda@bing.com', 'Male', '1996.08.30');
insert into customers (id_customers, first_name, last_name, email, gender, date_of_birth) values (12, 'Norine', 'Zorro', 'nzorrob@indiegogo.com', 'Female', '1958.09.19');
insert into customers (id_customers, first_name, last_name, email, gender, date_of_birth) values (13, 'Cosme', 'Prinn', 'cprinnc@cafepress.com', 'Male', '1978.07.24');
insert into customers (id_customers, first_name, last_name, email, gender, date_of_birth) values (14, 'Jeanette', 'Putterill', 'jputterilld@flickr.com', 'Female', '1944.02.25');
insert into customers (id_customers, first_name, last_name, email, gender, date_of_birth) values (15, 'Maggie', 'Mendonca', 'mmendoncae@bandcamp.com', 'Female', '2005.01.26');
insert into customers (id_customers, first_name, last_name, email, gender, date_of_birth) values (16, 'Tamarah', 'Jugging', 'tjuggingf@nymag.com', 'Female', '1975.04.28');
insert into customers (id_customers, first_name, last_name, email, gender, date_of_birth) values (17, 'Elisha', 'Mewhirter', 'emewhirterg@bloglines.com', 'Male', '1955.01.20');
insert into customers (id_customers, first_name, last_name, email, gender, date_of_birth) values (18, 'Natalya', 'Pritchard', 'npritchardh@spotify.com', 'Female', '1978.12.23');
insert into customers (id_customers, first_name, last_name, email, gender, date_of_birth) values (19, 'Giuditta', 'Dunmore', 'gdunmorei@businessweek.com', 'Agender', '1991.10.21');
insert into customers (id_customers, first_name, last_name, email, gender, date_of_birth) values (20, 'Violette', 'Farfolomeev', 'vfarfolomeevj@hatena.ne.jp', 'Female', '1947.10.05');
insert into customers (id_customers, first_name, last_name, email, gender, date_of_birth) values (21, 'Emile', 'Braun', 'ebraunk@narod.ru', 'Male', '1957.02.22');
insert into customers (id_customers, first_name, last_name, email, gender, date_of_birth) values (22, 'Sutherlan', 'Kewzick', 'skewzickl@howstuffworks.com', 'Male', '1978.10.27');
insert into customers (id_customers, first_name, last_name, email, gender, date_of_birth) values (23, 'Arthur', 'Hawksworth', 'ahawksworthm@patch.com', 'Male', '1959.03.28');
insert into customers (id_customers, first_name, last_name, email, gender, date_of_birth) values (24, 'Patty', 'Axten', 'paxtenn@about.me', 'Male', '1981.05.05');
insert into customers (id_customers, first_name, last_name, email, gender, date_of_birth) values (25, 'Kennie', 'List', 'klisto@wiley.com', 'Male', '1960.11.08');
insert into customers (id_customers, first_name, last_name, email, gender, date_of_birth) values (26, 'Anthia', 'Greenhowe', 'agreenhowep@uiuc.edu', 'Female', '1952.03.19');
insert into customers (id_customers, first_name, last_name, email, gender, date_of_birth) values (27, 'Isidor', 'Scarfe', 'iscarfeq@goo.ne.jp', 'Non-binary', '1971.11.05');
insert into customers (id_customers, first_name, last_name, email, gender, date_of_birth) values (28, 'Corbin', 'McLemon', 'cmclemonr@opera.com', 'Male', '1945.11.18');
insert into customers (id_customers, first_name, last_name, email, gender, date_of_birth) values (29, 'Marge', 'Gainforth', 'mgainforths@nature.com', 'Bigender', '1961.04.07');
insert into customers (id_customers, first_name, last_name, email, gender, date_of_birth) values (30, 'Oriana', 'Denisyuk', 'odenisyukt@columbia.edu', 'Female', '1947.11.16');
insert into customers (id_customers, first_name, last_name, email, gender, date_of_birth) values (31, 'Jeniffer', 'Ewebank', 'jewebanku@nba.com', 'Female', '1945.09.27');
insert into customers (id_customers, first_name, last_name, email, gender, date_of_birth) values (32, 'Megan', 'Gladdor', 'mgladdorv@dion.ne.jp', 'Female', '2000.12.25');
insert into customers (id_customers, first_name, last_name, email, gender, date_of_birth) values (33, 'Ginger', 'Arndell', 'garndellw@360.cn', 'Female', '1988.02.08');
insert into customers (id_customers, first_name, last_name, email, gender, date_of_birth) values (34, 'Nick', 'Dellar', 'ndellarx@reference.com', 'Male', '1947.09.12');
insert into customers (id_customers, first_name, last_name, email, gender, date_of_birth) values (35, 'Simon', 'Petrelluzzi', 'spetrelluzziy@123-reg.co.uk', 'Male', '1971.05.01');
insert into customers (id_customers, first_name, last_name, email, gender, date_of_birth) values (36, 'Der', 'Simonazzi', 'dsimonazziz@si.edu', 'Male', '1956.06.15');
insert into customers (id_customers, first_name, last_name, email, gender, date_of_birth) values (37, 'Augusta', 'Hempel', 'ahempel10@wunderground.com', 'Female', '1960.07.14');
insert into customers (id_customers, first_name, last_name, email, gender, date_of_birth) values (38, 'Brook', 'Warby', 'bwarby11@google.es', 'Male', '1999.03.11');
insert into customers (id_customers, first_name, last_name, email, gender, date_of_birth) values (39, 'Gray', 'Caddens', 'gcaddens12@cam.ac.uk', 'Female', '1947.10.26');
insert into customers (id_customers, first_name, last_name, email, gender, date_of_birth) values (40, 'Calley', 'Soulsby', 'csoulsby13@earthlink.net', 'Female', '1972.06.08');
insert into customers (id_customers, first_name, last_name, email, gender, date_of_birth) values (41, 'Em', 'Errichelli', 'eerrichelli14@psu.edu', 'Female', '1993.09.05');
insert into customers (id_customers, first_name, last_name, email, gender, date_of_birth) values (42, 'Herrick', 'Hauch', 'hhauch15@chronoengine.com', 'Male', '1980.05.17');
insert into customers (id_customers, first_name, last_name, email, gender, date_of_birth) values (43, 'Ase', 'Wilmott', 'awilmott16@sfgate.com', 'Male', '1984.04.01');
insert into customers (id_customers, first_name, last_name, email, gender, date_of_birth) values (44, 'Dimitry', 'Eddison', 'deddison17@sina.com.cn', 'Male', '1977.01.16');
insert into customers (id_customers, first_name, last_name, email, gender, date_of_birth) values (45, 'Christy', 'Millgate', 'cmillgate18@hatena.ne.jp', 'Male', '1967.01.08');
insert into customers (id_customers, first_name, last_name, email, gender, date_of_birth) values (46, 'Vitoria', 'Kamen', 'vkamen19@tuttocitta.it', 'Female', '1957.01.10');
insert into customers (id_customers, first_name, last_name, email, gender, date_of_birth) values (47, 'Bret', 'Izzard', 'bizzard1a@blinklist.com', 'Male', '1943.05.10');
insert into customers (id_customers, first_name, last_name, email, gender, date_of_birth) values (48, 'Karisa', 'Trymme', 'ktrymme1b@thetimes.co.uk', 'Female', '1952.10.30');
insert into customers (id_customers, first_name, last_name, email, gender, date_of_birth) values (49, 'Cly', 'Druhan', 'cdruhan1c@slashdot.org', 'Agender', '1976.05.26');
insert into customers (id_customers, first_name, last_name, email, gender, date_of_birth) values (50, 'Edyth', 'Merrington', 'emerrington1d@newsvine.com', 'Female', '1946.12.06');

insert into physiologist (id_physiologist, first_name) values (1, 'Ronnie');
insert into physiologist (id_physiologist, first_name) values (2, 'Mord');
insert into physiologist (id_physiologist, first_name) values (3, 'Frankie');
insert into physiologist (id_physiologist, first_name) values (4, 'Eadmund');
insert into physiologist (id_physiologist, first_name) values (5, 'Sean');
insert into physiologist (id_physiologist, first_name) values (6, 'Margarette');
insert into physiologist (id_physiologist, first_name) values (7, 'Sharleen');
insert into physiologist (id_physiologist, first_name) values (8, 'Davin');
insert into physiologist (id_physiologist, first_name) values (9, 'Teodoor');
insert into physiologist (id_physiologist, first_name) values (10, 'Verge');
insert into physiologist (id_physiologist, first_name) values (11, 'Astrix');
insert into physiologist (id_physiologist, first_name) values (12, 'Conrado');
insert into physiologist (id_physiologist, first_name) values (13, 'Stacey');
insert into physiologist (id_physiologist, first_name) values (14, 'Nicholle');
insert into physiologist (id_physiologist, first_name) values (15, 'Jan');
insert into physiologist (id_physiologist, first_name) values (16, 'Elnora');
insert into physiologist (id_physiologist, first_name) values (17, 'Kristopher');
insert into physiologist (id_physiologist, first_name) values (18, 'Isidore');
insert into physiologist (id_physiologist, first_name) values (19, 'Shena');
insert into physiologist (id_physiologist, first_name) values (20, 'Tad');
insert into physiologist (id_physiologist, first_name) values (21, 'Marcellus');
insert into physiologist (id_physiologist, first_name) values (22, 'Urban');
insert into physiologist (id_physiologist, first_name) values (23, 'Domenic');
insert into physiologist (id_physiologist, first_name) values (24, 'Peria');
insert into physiologist (id_physiologist, first_name) values (25, 'Doug');
insert into physiologist (id_physiologist, first_name) values (26, 'Reynard');
insert into physiologist (id_physiologist, first_name) values (27, 'Zolly');
insert into physiologist (id_physiologist, first_name) values (28, 'Lenora');
insert into physiologist (id_physiologist, first_name) values (29, 'Tessie');
insert into physiologist (id_physiologist, first_name) values (30, 'Ferdie');

insert into assignments (id_customer, id_physiologist, date_time) values (1, 21, '2024-04-22');
insert into assignments (id_customer, id_physiologist, date_time) values (2, 15, '2024-12-12');
insert into assignments (id_customer, id_physiologist, date_time) values (3, 6, '2025-09-27');
insert into assignments (id_customer, id_physiologist, date_time) values (4, 6, '2024-12-06');
insert into assignments (id_customer, id_physiologist, date_time) values (5, 16, '2025-02-05');
insert into assignments (id_customer, id_physiologist, date_time) values (6, 23, '2025-07-25');
insert into assignments (id_customer, id_physiologist, date_time) values (7, 22, '2025-03-17');
insert into assignments (id_customer, id_physiologist, date_time) values (8, 30, '2024-09-23');
insert into assignments (id_customer, id_physiologist, date_time) values (9, 9, '2025-03-21');
insert into assignments (id_customer, id_physiologist, date_time) values (10, 1, '2025-01-25');
insert into assignments (id_customer, id_physiologist, date_time) values (11, 30, '2024-10-22');
insert into assignments (id_customer, id_physiologist, date_time) values (12, 29, '2024-10-17');
insert into assignments (id_customer, id_physiologist, date_time) values (13, 8, '2025-01-14');
insert into assignments (id_customer, id_physiologist, date_time) values (14, 3, '2025-03-29');
insert into assignments (id_customer, id_physiologist, date_time) values (15, 23, '2025-08-09');
insert into assignments (id_customer, id_physiologist, date_time) values (16, 14, '2025-01-22');
insert into assignments (id_customer, id_physiologist, date_time) values (17, 11, '2024-07-07');
insert into assignments (id_customer, id_physiologist, date_time) values (18, 20, '2025-01-05');
insert into assignments (id_customer, id_physiologist, date_time) values (19, 14, '2024-06-22');
insert into assignments (id_customer, id_physiologist, date_time) values (20, 20, '2024-08-24');
insert into assignments (id_customer, id_physiologist, date_time) values (21, 17, '2025-11-14');
insert into assignments (id_customer, id_physiologist, date_time) values (22, 8, '2025-06-15');
insert into assignments (id_customer, id_physiologist, date_time) values (23, 16, '2024-06-16');
insert into assignments (id_customer, id_physiologist, date_time) values (24, 22, '2025-12-06');
insert into assignments (id_customer, id_physiologist, date_time) values (25, 28, '2025-04-13');
insert into assignments (id_customer, id_physiologist, date_time) values (26, 3, '2025-03-24');
insert into assignments (id_customer, id_physiologist, date_time) values (27, 10, '2024-11-22');
insert into assignments (id_customer, id_physiologist, date_time) values (28, 28, '2025-06-20');
insert into assignments (id_customer, id_physiologist, date_time) values (29, 24, '2024-06-30');
insert into assignments (id_customer, id_physiologist, date_time) values (30, 13, '2024-05-26');
insert into assignments (id_customer, id_physiologist, date_time) values (31, 19, '2025-12-02');
insert into assignments (id_customer, id_physiologist, date_time) values (32, 13, '2025-04-29');
insert into assignments (id_customer, id_physiologist, date_time) values (33, 17, '2024-10-18');
insert into assignments (id_customer, id_physiologist, date_time) values (34, 27, '2025-06-09');
insert into assignments (id_customer, id_physiologist, date_time) values (35, 26, '2024-07-24');
insert into assignments (id_customer, id_physiologist, date_time) values (36, 29, '2025-05-30');
insert into assignments (id_customer, id_physiologist, date_time) values (37, 24, '2024-06-30');
insert into assignments (id_customer, id_physiologist, date_time) values (38, 26, '2025-04-05');
insert into assignments (id_customer, id_physiologist, date_time) values (39, 15, '2025-04-23');
insert into assignments (id_customer, id_physiologist, date_time) values (40, 19, '2025-03-30');
insert into assignments (id_customer, id_physiologist, date_time) values (41, 4, '2024-04-26');
insert into assignments (id_customer, id_physiologist, date_time) values (42, 11, '2025-02-13');
insert into assignments (id_customer, id_physiologist, date_time) values (43, 5, '2025-06-16');
insert into assignments (id_customer, id_physiologist, date_time) values (44, 21, '2025-07-22');
insert into assignments (id_customer, id_physiologist, date_time) values (45, 4, '2024-08-26');
insert into assignments (id_customer, id_physiologist, date_time) values (46, 2, '2025-08-16');
insert into assignments (id_customer, id_physiologist, date_time) values (47, 1, '2024-07-04');
insert into assignments (id_customer, id_physiologist, date_time) values (48, 2, '2024-09-01');
insert into assignments (id_customer, id_physiologist, date_time) values (49, 9, '2024-10-05');
insert into assignments (id_customer, id_physiologist, date_time) values (50, 5, '2024-09-20');


insert into workouts (id, id_customers, period_minutes, week_number, year) values (1, 9, 9, 8, 2023);
insert into workouts (id, id_customers, period_minutes, week_number, year) values (2, 45, 13, 32, 2023);
insert into workouts (id, id_customers, period_minutes, week_number, year) values (3, 7, 30, 25, 2023);
insert into workouts (id, id_customers, period_minutes, week_number, year) values (4, 21, 24, 2, 2023);
insert into workouts (id, id_customers, period_minutes, week_number, year) values (5, 35, 29, 28, 2023);
insert into workouts (id, id_customers, period_minutes, week_number, year) values (6, 34, 10, 51, 2023);
insert into workouts (id, id_customers, period_minutes, week_number, year) values (7, 34, 14, 49, 2023);
insert into workouts (id, id_customers, period_minutes, week_number, year) values (8, 13, 16, 18, 2024);
insert into workouts (id, id_customers, period_minutes, week_number, year) values (9, 5, 25, 43, 2023);
insert into workouts (id, id_customers, period_minutes, week_number, year) values (10, 10, 3, 36, 2024);
insert into workouts (id, id_customers, period_minutes, week_number, year) values (11, 24, 23, 40, 2023);
insert into workouts (id, id_customers, period_minutes, week_number, year) values (12, 21, 1, 2, 2024);
insert into workouts (id, id_customers, period_minutes, week_number, year) values (13, 16, 3, 33, 2024);
insert into workouts (id, id_customers, period_minutes, week_number, year) values (14, 8, 23, 31, 2023);
insert into workouts (id, id_customers, period_minutes, week_number, year) values (15, 42, 4, 6, 2023);
insert into workouts (id, id_customers, period_minutes, week_number, year) values (16, 27, 4, 6, 2024);
insert into workouts (id, id_customers, period_minutes, week_number, year) values (17, 29, 1, 49, 2024);
insert into workouts (id, id_customers, period_minutes, week_number, year) values (18, 30, 29, 44, 2024);
insert into workouts (id, id_customers, period_minutes, week_number, year) values (19, 29, 5, 13, 2024);
insert into workouts (id, id_customers, period_minutes, week_number, year) values (20, 16, 17, 51, 2023);
insert into workouts (id, id_customers, period_minutes, week_number, year) values (21, 17, 23, 11, 2023);
insert into workouts (id, id_customers, period_minutes, week_number, year) values (22, 22, 10, 4, 2023);
insert into workouts (id, id_customers, period_minutes, week_number, year) values (23, 23, 24, 29, 2024);
insert into workouts (id, id_customers, period_minutes, week_number, year) values (24, 40, 18, 49, 2023);
insert into workouts (id, id_customers, period_minutes, week_number, year) values (25, 27, 5, 52, 2024);
insert into workouts (id, id_customers, period_minutes, week_number, year) values (26, 1, 15, 20, 2023);
insert into workouts (id, id_customers, period_minutes, week_number, year) values (27, 50, 13, 49, 2023);
insert into workouts (id, id_customers, period_minutes, week_number, year) values (28, 2, 29, 29, 2023);
insert into workouts (id, id_customers, period_minutes, week_number, year) values (29, 41, 13, 6, 2024);
insert into workouts (id, id_customers, period_minutes, week_number, year) values (30, 44, 3, 5, 2023);
insert into workouts (id, id_customers, period_minutes, week_number, year) values (31, 25, 4, 6, 2023);
insert into workouts (id, id_customers, period_minutes, week_number, year) values (32, 16, 21, 11, 2023);
insert into workouts (id, id_customers, period_minutes, week_number, year) values (33, 3, 25, 30, 2023);
insert into workouts (id, id_customers, period_minutes, week_number, year) values (34, 10, 6, 11, 2024);
insert into workouts (id, id_customers, period_minutes, week_number, year) values (35, 34, 7, 41, 2023);
insert into workouts (id, id_customers, period_minutes, week_number, year) values (36, 12, 10, 15, 2023);
insert into workouts (id, id_customers, period_minutes, week_number, year) values (37, 43, 20, 19, 2024);
insert into workouts (id, id_customers, period_minutes, week_number, year) values (38, 23, 12, 50, 2024);
insert into workouts (id, id_customers, period_minutes, week_number, year) values (39, 27, 20, 21, 2024);
insert into workouts (id, id_customers, period_minutes, week_number, year) values (40, 42, 29, 24, 2023);
insert into workouts (id, id_customers, period_minutes, week_number, year) values (41, 47, 2, 36, 2023);
insert into workouts (id, id_customers, period_minutes, week_number, year) values (42, 45, 1, 46, 2024);
insert into workouts (id, id_customers, period_minutes, week_number, year) values (43, 6, 20, 28, 2023);
insert into workouts (id, id_customers, period_minutes, week_number, year) values (44, 42, 5, 5, 2023);
insert into workouts (id, id_customers, period_minutes, week_number, year) values (45, 1, 11, 24, 2023);
insert into workouts (id, id_customers, period_minutes, week_number, year) values (46, 31, 25, 22, 2024);
insert into workouts (id, id_customers, period_minutes, week_number, year) values (47, 16, 8, 2, 2024);
insert into workouts (id, id_customers, period_minutes, week_number, year) values (48, 43, 28, 18, 2024);
insert into workouts (id, id_customers, period_minutes, week_number, year) values (49, 22, 18, 46, 2023);
insert into workouts (id, id_customers, period_minutes, week_number, year) values (50, 5, 14, 46, 2023);
insert into workouts (id, id_customers, period_minutes, week_number, year) values (51, 24, 9, 46, 2024);
insert into workouts (id, id_customers, period_minutes, week_number, year) values (52, 9, 12, 34, 2023);
insert into workouts (id, id_customers, period_minutes, week_number, year) values (53, 14, 11, 37, 2023);
insert into workouts (id, id_customers, period_minutes, week_number, year) values (54, 50, 13, 36, 2023);
insert into workouts (id, id_customers, period_minutes, week_number, year) values (55, 2, 6, 24, 2024);
insert into workouts (id, id_customers, period_minutes, week_number, year) values (56, 33, 2, 32, 2024);
insert into workouts (id, id_customers, period_minutes, week_number, year) values (57, 39, 13, 26, 2024);
insert into workouts (id, id_customers, period_minutes, week_number, year) values (58, 39, 23, 50, 2024);
insert into workouts (id, id_customers, period_minutes, week_number, year) values (59, 42, 1, 3, 2023);
insert into workouts (id, id_customers, period_minutes, week_number, year) values (60, 37, 10, 46, 2024);
insert into workouts (id, id_customers, period_minutes, week_number, year) values (61, 8, 21, 31, 2024);
insert into workouts (id, id_customers, period_minutes, week_number, year) values (62, 38, 3, 6, 2023);
insert into workouts (id, id_customers, period_minutes, week_number, year) values (63, 16, 25, 26, 2023);
insert into workouts (id, id_customers, period_minutes, week_number, year) values (64, 8, 27, 14, 2023);
insert into workouts (id, id_customers, period_minutes, week_number, year) values (65, 23, 20, 2, 2023);
insert into workouts (id, id_customers, period_minutes, week_number, year) values (66, 30, 22, 13, 2024);
insert into workouts (id, id_customers, period_minutes, week_number, year) values (67, 5, 25, 15, 2024);
insert into workouts (id, id_customers, period_minutes, week_number, year) values (68, 28, 3, 7, 2024);
insert into workouts (id, id_customers, period_minutes, week_number, year) values (69, 8, 26, 1, 2024);
insert into workouts (id, id_customers, period_minutes, week_number, year) values (70, 23, 11, 20, 2023);
insert into workouts (id, id_customers, period_minutes, week_number, year) values (71, 40, 20, 3, 2024);
insert into workouts (id, id_customers, period_minutes, week_number, year) values (72, 24, 6, 6, 2023);
insert into workouts (id, id_customers, period_minutes, week_number, year) values (73, 3, 7, 15, 2023);
insert into workouts (id, id_customers, period_minutes, week_number, year) values (74, 23, 6, 1, 2023);
insert into workouts (id, id_customers, period_minutes, week_number, year) values (75, 10, 23, 51, 2024);
insert into workouts (id, id_customers, period_minutes, week_number, year) values (76, 22, 29, 32, 2023);
insert into workouts (id, id_customers, period_minutes, week_number, year) values (77, 50, 28, 51, 2023);
insert into workouts (id, id_customers, period_minutes, week_number, year) values (78, 1, 30, 13, 2024);
insert into workouts (id, id_customers, period_minutes, week_number, year) values (79, 32, 22, 7, 2024);
insert into workouts (id, id_customers, period_minutes, week_number, year) values (80, 46, 15, 34, 2023);
insert into workouts (id, id_customers, period_minutes, week_number, year) values (81, 19, 25, 39, 2024);
insert into workouts (id, id_customers, period_minutes, week_number, year) values (82, 9, 13, 17, 2024);
insert into workouts (id, id_customers, period_minutes, week_number, year) values (83, 46, 24, 25, 2023);
insert into workouts (id, id_customers, period_minutes, week_number, year) values (84, 47, 29, 22, 2023);
insert into workouts (id, id_customers, period_minutes, week_number, year) values (85, 45, 4, 29, 2024);
insert into workouts (id, id_customers, period_minutes, week_number, year) values (86, 14, 27, 15, 2024);
insert into workouts (id, id_customers, period_minutes, week_number, year) values (87, 15, 2, 41, 2023);
insert into workouts (id, id_customers, period_minutes, week_number, year) values (88, 33, 12, 10, 2024);
insert into workouts (id, id_customers, period_minutes, week_number, year) values (89, 12, 7, 23, 2023);
insert into workouts (id, id_customers, period_minutes, week_number, year) values (90, 34, 8, 6, 2023);
insert into workouts (id, id_customers, period_minutes, week_number, year) values (91, 21, 15, 50, 2024);
insert into workouts (id, id_customers, period_minutes, week_number, year) values (92, 50, 19, 51, 2023);
insert into workouts (id, id_customers, period_minutes, week_number, year) values (93, 32, 6, 4, 2023);
insert into workouts (id, id_customers, period_minutes, week_number, year) values (94, 2, 13, 39, 2024);
insert into workouts (id, id_customers, period_minutes, week_number, year) values (95, 27, 24, 28, 2023);
insert into workouts (id, id_customers, period_minutes, week_number, year) values (96, 33, 19, 26, 2023);
insert into workouts (id, id_customers, period_minutes, week_number, year) values (97, 18, 2, 42, 2023);
insert into workouts (id, id_customers, period_minutes, week_number, year) values (98, 10, 9, 34, 2024);
insert into workouts (id, id_customers, period_minutes, week_number, year) values (99, 8, 15, 29, 2024);
insert into workouts (id, id_customers, period_minutes, week_number, year) values (100, 34, 21, 10, 2024);


INSERT INTO assessments (id,id_customers,id_physiologist,is_renovation,pull_down,leg_extension,chest_press,leg_press,date_time) VALUES (1,23,3,'yes','easy','normal','normal','difficult', '2024-04-27 20:30:00');
INSERT INTO assessments (id,id_customers,id_physiologist,is_renovation,pull_down,leg_extension,chest_press,leg_press,date_time) VALUES (2,45,7,'no', 'normal', 'easy', 'difficult', 'normal','2024-05-06 12:00:00');
INSERT INTO assessments (id,id_customers,id_physiologist,is_renovation,pull_down,leg_extension,chest_press,leg_press,date_time) VALUES (3, 32, 12, 'yes', 'difficult', 'normal', 'easy', 'easy','2024-05-13 10:00:00');
INSERT INTO assessments (id,id_customers,id_physiologist,is_renovation,pull_down,leg_extension,chest_press,leg_press,date_time) VALUES (4, 19, 6, 'no', 'normal', 'easy', 'difficult', 'normal','2024-05-13 19:00:00');
INSERT INTO assessments (id,id_customers,id_physiologist,is_renovation,pull_down,leg_extension,chest_press,leg_press,date_time) VALUES (5, 1, 5, 'no', 'easy', 'easy', 'normal', 'easy','2024-04-26 16:45:00');
INSERT INTO assessments (id,id_customers,id_physiologist,is_renovation,pull_down,leg_extension,chest_press,leg_press,date_time) VALUES (6, 29, 4, 'yes', 'normal', 'difficult', 'easy', 'normal','2024-06-29 19:00:00');
INSERT INTO assessments (id,id_customers,id_physiologist,is_renovation,pull_down,leg_extension,chest_press,leg_press,date_time) VALUES (7, 36, 9, 'no', 'easy', 'difficult', 'normal', 'easy','2024-04-29 18:00:00');
INSERT INTO assessments (id,id_customers,id_physiologist,is_renovation,pull_down,leg_extension,chest_press,leg_press,date_time) VALUES (8, 22, 10, 'yes', 'normal', 'easy', 'difficult', 'normal','2024-04-27 14:30:00');
INSERT INTO assessments (id,id_customers,id_physiologist,is_renovation,pull_down,leg_extension,chest_press,leg_press,date_time) VALUES (9, 49, 11, 'no', 'easy', 'normal', 'normal', 'difficult','2024-05-13 09:30:00');

insert into assessement_first_serie (id, machine_pull_down, machine_leg_extension, machine_chest_press, machine_leg_press) values (1, 'In quis justo.', 'Integer a nibh.', 'In blandit ultrices enim.', 'In quis justo.');
insert into assessement_first_serie (id, machine_pull_down, machine_leg_extension, machine_chest_press, machine_leg_press) values (2, 'Maecenas rhoncus aliquam lacus.', 'Nullam sit amet turpis elementum ligula vehicula consequat.', 'Nullam varius.', 'Nulla ut erat id mauris vulputate elementum.');
insert into assessement_first_serie (id, machine_pull_down, machine_leg_extension, machine_chest_press, machine_leg_press) values (3, 'Praesent blandit.', 'Pellentesque ultrices mattis odio.', 'Cras mi pede, malesuada in, imperdiet et, commodo vulputate, justo.', 'Vestibulum ante ipsum primis in faucibus orci luctus et ultrices posuere cubilia Curae; Mauris viverra diam vitae quam.');
insert into assessement_first_serie (id, machine_pull_down, machine_leg_extension, machine_chest_press, machine_leg_press) values (4, 'Aliquam sit amet diam in magna bibendum imperdiet.', 'Donec semper sapien a libero.', 'Vivamus in felis eu sapien cursus vestibulum.', 'Vestibulum sed magna at nunc commodo placerat.');
insert into assessement_first_serie (id, machine_pull_down, machine_leg_extension, machine_chest_press, machine_leg_press) values (5, 'Donec ut dolor.', 'Donec odio justo, sollicitudin ut, suscipit a, feugiat et, eros.', 'Fusce lacus purus, aliquet at, feugiat non, pretium quis, lectus.', 'Nam nulla.');
insert into assessement_first_serie (id, machine_pull_down, machine_leg_extension, machine_chest_press, machine_leg_press) values (6, 'Duis bibendum, felis sed interdum venenatis, turpis enim blandit mi, in porttitor pede justo eu massa.', 'Curabitur in libero ut massa volutpat convallis.', 'Duis bibendum.', 'Duis aliquam convallis nunc.');
insert into assessement_first_serie (id, machine_pull_down, machine_leg_extension, machine_chest_press, machine_leg_press) values (7, 'Maecenas tincidunt lacus at velit.', 'Ut at dolor quis odio consequat varius.', 'Nulla ut erat id mauris vulputate elementum.', 'Morbi vestibulum, velit id pretium iaculis, diam erat fermentum justo, nec condimentum neque sapien placerat ante.');
insert into assessement_first_serie (id, machine_pull_down, machine_leg_extension, machine_chest_press, machine_leg_press) values (8, 'Proin leo odio, porttitor id, consequat in, consequat ut, nulla.', 'Nulla tellus.', 'Sed accumsan felis.', 'Nam congue, risus semper porta volutpat, quam pede lobortis ligula, sit amet eleifend pede libero quis orci.');
insert into assessement_first_serie (id, machine_pull_down, machine_leg_extension, machine_chest_press, machine_leg_press) values (9, 'Duis bibendum.', 'Donec odio justo, sollicitudin ut, suscipit a, feugiat et, eros.', 'Donec vitae nisi.', 'Donec ut dolor.');
insert into assessement_first_serie (id, machine_pull_down, machine_leg_extension, machine_chest_press, machine_leg_press) values (10, 'Proin leo odio, porttitor id, consequat in, consequat ut, nulla.', 'Curabitur in libero ut massa volutpat convallis.', 'Lorem ipsum dolor sit amet, consectetuer adipiscing elit.', 'Nullam orci pede, venenatis non, sodales sed, tincidunt eu, felis.');
insert into assessement_first_serie (id, machine_pull_down, machine_leg_extension, machine_chest_press, machine_leg_press) values (11, 'Suspendisse potenti.', 'Nam dui.', 'In sagittis dui vel nisl.', 'Integer ac neque.');
insert into assessement_first_serie (id, machine_pull_down, machine_leg_extension, machine_chest_press, machine_leg_press) values (12, 'Sed sagittis.', 'Integer aliquet, massa id lobortis convallis, tortor risus dapibus augue, vel accumsan tellus nisi eu orci.', 'Duis consequat dui nec nisi volutpat eleifend.', 'Morbi vestibulum, velit id pretium iaculis, diam erat fermentum justo, nec condimentum neque sapien placerat ante.');
insert into assessement_first_serie (id, machine_pull_down, machine_leg_extension, machine_chest_press, machine_leg_press) values (13, 'Sed vel enim sit amet nunc viverra dapibus.', 'Curabitur convallis.', 'Vestibulum rutrum rutrum neque.', 'Morbi quis tortor id nulla ultrices aliquet.');
insert into assessement_first_serie (id, machine_pull_down, machine_leg_extension, machine_chest_press, machine_leg_press) values (14, 'Praesent blandit lacinia erat.', 'Suspendisse potenti.', 'Sed accumsan felis.', 'Sed ante.');
insert into assessement_first_serie (id, machine_pull_down, machine_leg_extension, machine_chest_press, machine_leg_press) values (15, 'Donec ut dolor.', 'In hac habitasse platea dictumst.', 'Quisque id justo sit amet sapien dignissim vestibulum.', 'Morbi sem mauris, laoreet ut, rhoncus aliquet, pulvinar sed, nisl.');
insert into assessement_first_serie (id, machine_pull_down, machine_leg_extension, machine_chest_press, machine_leg_press) values (16, 'Ut tellus.', 'Vivamus metus arcu, adipiscing molestie, hendrerit at, vulputate vitae, nisl.', 'Cum sociis natoque penatibus et magnis dis parturient montes, nascetur ridiculus mus.', 'Nam ultrices, libero non mattis pulvinar, nulla pede ullamcorper augue, a suscipit nulla elit ac nulla.');
insert into assessement_first_serie (id, machine_pull_down, machine_leg_extension, machine_chest_press, machine_leg_press) values (17, 'Aliquam augue quam, sollicitudin vitae, consectetuer eget, rutrum at, lorem.', 'In quis justo.', 'Donec posuere metus vitae ipsum.', 'Curabitur in libero ut massa volutpat convallis.');
insert into assessement_first_serie (id, machine_pull_down, machine_leg_extension, machine_chest_press, machine_leg_press) values (18, 'Proin leo odio, porttitor id, consequat in, consequat ut, nulla.', 'Curabitur in libero ut massa volutpat convallis.', 'Suspendisse potenti.', 'Aliquam quis turpis eget elit sodales scelerisque.');
insert into assessement_first_serie (id, machine_pull_down, machine_leg_extension, machine_chest_press, machine_leg_press) values (19, 'Morbi porttitor lorem id ligula.', 'Aliquam non mauris.', 'Morbi vestibulum, velit id pretium iaculis, diam erat fermentum justo, nec condimentum neque sapien placerat ante.', 'Nullam sit amet turpis elementum ligula vehicula consequat.');
insert into assessement_first_serie (id, machine_pull_down, machine_leg_extension, machine_chest_press, machine_leg_press) values (20, 'Quisque ut erat.', 'Cras in purus eu magna vulputate luctus.', 'Cras non velit nec nisi vulputate nonummy.', 'Integer aliquet, massa id lobortis convallis, tortor risus dapibus augue, vel accumsan tellus nisi eu orci.');
insert into assessement_first_serie (id, machine_pull_down, machine_leg_extension, machine_chest_press, machine_leg_press) values (21, 'Nullam molestie nibh in lectus.', 'Morbi non quam nec dui luctus rutrum.', 'Vivamus vestibulum sagittis sapien.', 'Integer non velit.');
insert into assessement_first_serie (id, machine_pull_down, machine_leg_extension, machine_chest_press, machine_leg_press) values (22, 'Vestibulum ante ipsum primis in faucibus orci luctus et ultrices posuere cubilia Curae; Duis faucibus accumsan odio.', 'Aliquam non mauris.', 'Nulla tellus.', 'Donec ut mauris eget massa tempor convallis.');
insert into assessement_first_serie (id, machine_pull_down, machine_leg_extension, machine_chest_press, machine_leg_press) values (23, 'Quisque arcu libero, rutrum ac, lobortis vel, dapibus at, diam.', 'Duis bibendum, felis sed interdum venenatis, turpis enim blandit mi, in porttitor pede justo eu massa.', 'In est risus, auctor sed, tristique in, tempus sit amet, sem.', 'Duis ac nibh.');
insert into assessement_first_serie (id, machine_pull_down, machine_leg_extension, machine_chest_press, machine_leg_press) values (24, 'Aliquam erat volutpat.', 'Morbi ut odio.', 'Nullam molestie nibh in lectus.', 'Aliquam sit amet diam in magna bibendum imperdiet.');
insert into assessement_first_serie (id, machine_pull_down, machine_leg_extension, machine_chest_press, machine_leg_press) values (25, 'Nulla mollis molestie lorem.', 'Quisque id justo sit amet sapien dignissim vestibulum.', 'Quisque arcu libero, rutrum ac, lobortis vel, dapibus at, diam.', 'Quisque ut erat.');
insert into assessement_first_serie (id, machine_pull_down, machine_leg_extension, machine_chest_press, machine_leg_press) values (26, 'Vestibulum quam sapien, varius ut, blandit non, interdum in, ante.', 'Proin risus.', 'Vivamus vel nulla eget eros elementum pellentesque.', 'Phasellus id sapien in sapien iaculis congue.');
insert into assessement_first_serie (id, machine_pull_down, machine_leg_extension, machine_chest_press, machine_leg_press) values (27, 'Nulla facilisi.', 'Morbi non quam nec dui luctus rutrum.', 'Sed vel enim sit amet nunc viverra dapibus.', 'Nam ultrices, libero non mattis pulvinar, nulla pede ullamcorper augue, a suscipit nulla elit ac nulla.');
insert into assessement_first_serie (id, machine_pull_down, machine_leg_extension, machine_chest_press, machine_leg_press) values (28, 'Integer tincidunt ante vel ipsum.', 'Proin at turpis a pede posuere nonummy.', 'Aliquam non mauris.', 'Nam tristique tortor eu pede.');
insert into assessement_first_serie (id, machine_pull_down, machine_leg_extension, machine_chest_press, machine_leg_press) values (29, 'Integer aliquet, massa id lobortis convallis, tortor risus dapibus augue, vel accumsan tellus nisi eu orci.', 'Donec vitae nisi.', 'Curabitur gravida nisi at nibh.', 'Vestibulum ante ipsum primis in faucibus orci luctus et ultrices posuere cubilia Curae; Mauris viverra diam vitae quam.');
insert into assessement_first_serie (id, machine_pull_down, machine_leg_extension, machine_chest_press, machine_leg_press) values (30, 'Vestibulum sed magna at nunc commodo placerat.', 'Vestibulum ante ipsum primis in faucibus orci luctus et ultrices posuere cubilia Curae; Mauris viverra diam vitae quam.', 'Donec vitae nisi.', 'Nam tristique tortor eu pede.');
insert into assessement_first_serie (id, machine_pull_down, machine_leg_extension, machine_chest_press, machine_leg_press) values (31, 'Nulla tempus.', 'Aenean lectus.', 'Curabitur convallis.', 'In quis justo.');
insert into assessement_first_serie (id, machine_pull_down, machine_leg_extension, machine_chest_press, machine_leg_press) values (32, 'Morbi non lectus.', 'Lorem ipsum dolor sit amet, consectetuer adipiscing elit.', 'Nulla ut erat id mauris vulputate elementum.', 'Cum sociis natoque penatibus et magnis dis parturient montes, nascetur ridiculus mus.');
insert into assessement_first_serie (id, machine_pull_down, machine_leg_extension, machine_chest_press, machine_leg_press) values (33, 'Donec posuere metus vitae ipsum.', 'Curabitur gravida nisi at nibh.', 'Praesent blandit lacinia erat.', 'Quisque porta volutpat erat.');
insert into assessement_first_serie (id, machine_pull_down, machine_leg_extension, machine_chest_press, machine_leg_press) values (34, 'Morbi vestibulum, velit id pretium iaculis, diam erat fermentum justo, nec condimentum neque sapien placerat ante.', 'Nunc purus.', 'Sed ante.', 'Vivamus tortor.');
insert into assessement_first_serie (id, machine_pull_down, machine_leg_extension, machine_chest_press, machine_leg_press) values (35, 'Vivamus in felis eu sapien cursus vestibulum.', 'Quisque arcu libero, rutrum ac, lobortis vel, dapibus at, diam.', 'Proin eu mi.', 'Nulla suscipit ligula in lacus.');
insert into assessement_first_serie (id, machine_pull_down, machine_leg_extension, machine_chest_press, machine_leg_press) values (36, 'Ut at dolor quis odio consequat varius.', 'In hac habitasse platea dictumst.', 'In hac habitasse platea dictumst.', 'Nunc purus.');
insert into assessement_first_serie (id, machine_pull_down, machine_leg_extension, machine_chest_press, machine_leg_press) values (37, 'Morbi odio odio, elementum eu, interdum eu, tincidunt in, leo.', 'Suspendisse ornare consequat lectus.', 'Lorem ipsum dolor sit amet, consectetuer adipiscing elit.', 'Pellentesque eget nunc.');
insert into assessement_first_serie (id, machine_pull_down, machine_leg_extension, machine_chest_press, machine_leg_press) values (38, 'Donec ut mauris eget massa tempor convallis.', 'Maecenas tristique, est et tempus semper, est quam pharetra magna, ac consequat metus sapien ut nunc.', 'Proin interdum mauris non ligula pellentesque ultrices.', 'Praesent lectus.');
insert into assessement_first_serie (id, machine_pull_down, machine_leg_extension, machine_chest_press, machine_leg_press) values (39, 'In tempor, turpis nec euismod scelerisque, quam turpis adipiscing lorem, vitae mattis nibh ligula nec sem.', 'Fusce lacus purus, aliquet at, feugiat non, pretium quis, lectus.', 'Praesent blandit lacinia erat.', 'In quis justo.');
insert into assessement_first_serie (id, machine_pull_down, machine_leg_extension, machine_chest_press, machine_leg_press) values (40, 'Praesent blandit lacinia erat.', 'Proin leo odio, porttitor id, consequat in, consequat ut, nulla.', 'Morbi ut odio.', 'Fusce lacus purus, aliquet at, feugiat non, pretium quis, lectus.');
insert into assessement_first_serie (id, machine_pull_down, machine_leg_extension, machine_chest_press, machine_leg_press) values (41, 'Aenean fermentum.', 'In hac habitasse platea dictumst.', 'Mauris ullamcorper purus sit amet nulla.', 'Duis aliquam convallis nunc.');
insert into assessement_first_serie (id, machine_pull_down, machine_leg_extension, machine_chest_press, machine_leg_press) values (42, 'Quisque erat eros, viverra eget, congue eget, semper rutrum, nulla.', 'Donec dapibus.', 'Curabitur convallis.', 'In tempor, turpis nec euismod scelerisque, quam turpis adipiscing lorem, vitae mattis nibh ligula nec sem.');
insert into assessement_first_serie (id, machine_pull_down, machine_leg_extension, machine_chest_press, machine_leg_press) values (43, 'Suspendisse ornare consequat lectus.', 'Vestibulum ante ipsum primis in faucibus orci luctus et ultrices posuere cubilia Curae; Nulla dapibus dolor vel est.', 'Ut at dolor quis odio consequat varius.', 'Quisque id justo sit amet sapien dignissim vestibulum.');
insert into assessement_first_serie (id, machine_pull_down, machine_leg_extension, machine_chest_press, machine_leg_press) values (44, 'Nulla mollis molestie lorem.', 'Phasellus in felis.', 'Morbi odio odio, elementum eu, interdum eu, tincidunt in, leo.', 'Nulla mollis molestie lorem.');
insert into assessement_first_serie (id, machine_pull_down, machine_leg_extension, machine_chest_press, machine_leg_press) values (45, 'Curabitur at ipsum ac tellus semper interdum.', 'In congue.', 'Proin interdum mauris non ligula pellentesque ultrices.', 'Donec ut dolor.');
insert into assessement_first_serie (id, machine_pull_down, machine_leg_extension, machine_chest_press, machine_leg_press) values (46, 'Morbi a ipsum.', 'Vestibulum ac est lacinia nisi venenatis tristique.', 'Nulla justo.', 'Cras in purus eu magna vulputate luctus.');
insert into assessement_first_serie (id, machine_pull_down, machine_leg_extension, machine_chest_press, machine_leg_press) values (47, 'In hac habitasse platea dictumst.', 'Proin interdum mauris non ligula pellentesque ultrices.', 'Vivamus vestibulum sagittis sapien.', 'Sed vel enim sit amet nunc viverra dapibus.');
insert into assessement_first_serie (id, machine_pull_down, machine_leg_extension, machine_chest_press, machine_leg_press) values (48, 'Nulla neque libero, convallis eget, eleifend luctus, ultricies eu, nibh.', 'In hac habitasse platea dictumst.', 'Morbi non quam nec dui luctus rutrum.', 'Phasellus id sapien in sapien iaculis congue.');
insert into assessement_first_serie (id, machine_pull_down, machine_leg_extension, machine_chest_press, machine_leg_press) values (49, 'Donec posuere metus vitae ipsum.', 'Duis bibendum.', 'Morbi vel lectus in quam fringilla rhoncus.', 'Integer pede justo, lacinia eget, tincidunt eget, tempus vel, pede.');
insert into assessement_first_serie (id, machine_pull_down, machine_leg_extension, machine_chest_press, machine_leg_press) values (50, 'Quisque arcu libero, rutrum ac, lobortis vel, dapibus at, diam.', 'Morbi ut odio.', 'In tempor, turpis nec euismod scelerisque, quam turpis adipiscing lorem, vitae mattis nibh ligula nec sem.', 'Vestibulum quam sapien, varius ut, blandit non, interdum in, ante.');

insert into assessment_hgt (id, grip_strength_values, considerations) values (1, 52, 'Nunc nisl.');
insert into assessment_hgt (id, grip_strength_values, considerations) values (2, 76, 'Aliquam erat volutpat.');
insert into assessment_hgt (id, grip_strength_values, considerations) values (3, 23, 'Cras mi pede, malesuada in, imperdiet et, commodo vulputate, justo.');
insert into assessment_hgt (id, grip_strength_values, considerations) values (4, 77, 'Duis ac nibh.');
insert into assessment_hgt (id, grip_strength_values, considerations) values (5, 48, 'Integer pede justo, lacinia eget, tincidunt eget, tempus vel, pede.');
insert into assessment_hgt (id, grip_strength_values, considerations) values (6, 12, 'Aenean sit amet justo.');
insert into assessment_hgt (id, grip_strength_values, considerations) values (7, 41, 'Duis mattis egestas metus.');
insert into assessment_hgt (id, grip_strength_values, considerations) values (8, 52, 'Donec ut mauris eget massa tempor convallis.');
insert into assessment_hgt (id, grip_strength_values, considerations) values (9, 85, 'Vivamus in felis eu sapien cursus vestibulum.');
insert into assessment_hgt (id, grip_strength_values, considerations) values (10, 55, 'Pellentesque at nulla.');
insert into assessment_hgt (id, grip_strength_values, considerations) values (11, 94, 'Maecenas tincidunt lacus at velit.');
insert into assessment_hgt (id, grip_strength_values, considerations) values (12, 38, 'Nullam porttitor lacus at turpis.');
insert into assessment_hgt (id, grip_strength_values, considerations) values (13, 82, 'Curabitur gravida nisi at nibh.');
insert into assessment_hgt (id, grip_strength_values, considerations) values (14, 33, 'Donec dapibus.');
insert into assessment_hgt (id, grip_strength_values, considerations) values (15, 35, 'Vivamus vel nulla eget eros elementum pellentesque.');
insert into assessment_hgt (id, grip_strength_values, considerations) values (16, 91, 'Donec posuere metus vitae ipsum.');
insert into assessment_hgt (id, grip_strength_values, considerations) values (17, 72, 'Integer tincidunt ante vel ipsum.');
insert into assessment_hgt (id, grip_strength_values, considerations) values (18, 72, 'Duis mattis egestas metus.');
insert into assessment_hgt (id, grip_strength_values, considerations) values (19, 82, 'Aliquam erat volutpat.');
insert into assessment_hgt (id, grip_strength_values, considerations) values (20, 74, 'Cras pellentesque volutpat dui.');
insert into assessment_hgt (id, grip_strength_values, considerations) values (21, 65, 'Cum sociis natoque penatibus et magnis dis parturient montes, nascetur ridiculus mus.');
insert into assessment_hgt (id, grip_strength_values, considerations) values (22, 22, 'Integer ac neque.');
insert into assessment_hgt (id, grip_strength_values, considerations) values (23, 87, 'Donec ut dolor.');
insert into assessment_hgt (id, grip_strength_values, considerations) values (24, 90, 'Mauris sit amet eros.');
insert into assessment_hgt (id, grip_strength_values, considerations) values (25, 73, 'Curabitur at ipsum ac tellus semper interdum.');
insert into assessment_hgt (id, grip_strength_values, considerations) values (26, 94, 'Pellentesque eget nunc.');
insert into assessment_hgt (id, grip_strength_values, considerations) values (27, 89, 'Donec diam neque, vestibulum eget, vulputate ut, ultrices vel, augue.');
insert into assessment_hgt (id, grip_strength_values, considerations) values (28, 23, 'In hac habitasse platea dictumst.');
insert into assessment_hgt (id, grip_strength_values, considerations) values (29, 89, 'Curabitur in libero ut massa volutpat convallis.');
insert into assessment_hgt (id, grip_strength_values, considerations) values (30, 37, 'In tempor, turpis nec euismod scelerisque, quam turpis adipiscing lorem, vitae mattis nibh ligula nec sem.');
insert into assessment_hgt (id, grip_strength_values, considerations) values (31, 18, 'Nam nulla.');
insert into assessment_hgt (id, grip_strength_values, considerations) values (32, 61, 'Vestibulum quam sapien, varius ut, blandit non, interdum in, ante.');
insert into assessment_hgt (id, grip_strength_values, considerations) values (33, 61, 'Duis at velit eu est congue elementum.');
insert into assessment_hgt (id, grip_strength_values, considerations) values (34, 33, 'In congue.');
insert into assessment_hgt (id, grip_strength_values, considerations) values (35, 99, 'Integer ac leo.');
insert into assessment_hgt (id, grip_strength_values, considerations) values (36, 40, 'In blandit ultrices enim.');
insert into assessment_hgt (id, grip_strength_values, considerations) values (37, 98, 'Aenean sit amet justo.');
insert into assessment_hgt (id, grip_strength_values, considerations) values (38, 47, 'Nullam sit amet turpis elementum ligula vehicula consequat.');
insert into assessment_hgt (id, grip_strength_values, considerations) values (39, 65, 'Nam dui.');
insert into assessment_hgt (id, grip_strength_values, considerations) values (40, 30, 'Morbi non quam nec dui luctus rutrum.');
insert into assessment_hgt (id, grip_strength_values, considerations) values (41, 74, 'Nam dui.');
insert into assessment_hgt (id, grip_strength_values, considerations) values (42, 74, 'Integer non velit.');
insert into assessment_hgt (id, grip_strength_values, considerations) values (43, 99, 'Nulla neque libero, convallis eget, eleifend luctus, ultricies eu, nibh.');
insert into assessment_hgt (id, grip_strength_values, considerations) values (44, 58, 'In sagittis dui vel nisl.');
insert into assessment_hgt (id, grip_strength_values, considerations) values (45, 49, 'Sed ante.');
insert into assessment_hgt (id, grip_strength_values, considerations) values (46, 19, 'Pellentesque at nulla.');
insert into assessment_hgt (id, grip_strength_values, considerations) values (47, 38, 'Proin eu mi.');
insert into assessment_hgt (id, grip_strength_values, considerations) values (48, 45, 'Vestibulum quam sapien, varius ut, blandit non, interdum in, ante.');
insert into assessment_hgt (id, grip_strength_values, considerations) values (49, 41, 'Nulla tempus.');
insert into assessment_hgt (id, grip_strength_values, considerations) values (50, 73, 'Cras in purus eu magna vulputate luctus.');

insert into assessment_m2r (id, test_a1_result, test_a1_considerations, test_a2_result, test_a2_considerations, test_a3_result, test_a3_considerations, test_a4_distance, test_a4_vo2max, test_a4_resting_heart_rate, teste_a4_end_heart_race, test_a4_heart_race_after_1second, test_a4_considerations) values (1, 'Pellentesque ultrices mattis odio.', 'Mauris enim leo, rhoncus sed, vestibulum sit amet, cursus id, turpis.', 'In hac habitasse platea dictumst.', 'Vestibulum ante ipsum primis in faucibus orci luctus et ultrices posuere cubilia Curae; Mauris viverra diam vitae quam.', 'In hac habitasse platea dictumst.', 'Suspendisse accumsan tortor quis turpis.', 59, 15, 87, 88, 91, 'Proin leo odio, porttitor id, consequat in, consequat ut, nulla.');
insert into assessment_m2r (id, test_a1_result, test_a1_considerations, test_a2_result, test_a2_considerations, test_a3_result, test_a3_considerations, test_a4_distance, test_a4_vo2max, test_a4_resting_heart_rate, teste_a4_end_heart_race, test_a4_heart_race_after_1second, test_a4_considerations) values (2, 'Sed sagittis.', 'Curabitur convallis.', 'Praesent id massa id nisl venenatis lacinia.', 'Mauris enim leo, rhoncus sed, vestibulum sit amet, cursus id, turpis.', 'Nullam varius.', 'Praesent blandit lacinia erat.', 34, 66, 94, 79, 87, 'In blandit ultrices enim.');
insert into assessment_m2r (id, test_a1_result, test_a1_considerations, test_a2_result, test_a2_considerations, test_a3_result, test_a3_considerations, test_a4_distance, test_a4_vo2max, test_a4_resting_heart_rate, teste_a4_end_heart_race, test_a4_heart_race_after_1second, test_a4_considerations) values (3, 'Integer tincidunt ante vel ipsum.', 'Aliquam erat volutpat.', 'Proin at turpis a pede posuere nonummy.', 'Aliquam augue quam, sollicitudin vitae, consectetuer eget, rutrum at, lorem.', 'Cras in purus eu magna vulputate luctus.', 'Duis bibendum, felis sed interdum venenatis, turpis enim blandit mi, in porttitor pede justo eu massa.', 19, 56, 74, 90, 82, 'Cras non velit nec nisi vulputate nonummy.');
insert into assessment_m2r (id, test_a1_result, test_a1_considerations, test_a2_result, test_a2_considerations, test_a3_result, test_a3_considerations, test_a4_distance, test_a4_vo2max, test_a4_resting_heart_rate, teste_a4_end_heart_race, test_a4_heart_race_after_1second, test_a4_considerations) values (4, 'Lorem ipsum dolor sit amet, consectetuer adipiscing elit.', 'Nullam varius.', 'In est risus, auctor sed, tristique in, tempus sit amet, sem.', 'Nullam molestie nibh in lectus.', 'Sed accumsan felis.', 'Proin interdum mauris non ligula pellentesque ultrices.', 79, 50, 88, 71, 76, 'Aenean auctor gravida sem.');
insert into assessment_m2r (id, test_a1_result, test_a1_considerations, test_a2_result, test_a2_considerations, test_a3_result, test_a3_considerations, test_a4_distance, test_a4_vo2max, test_a4_resting_heart_rate, teste_a4_end_heart_race, test_a4_heart_race_after_1second, test_a4_considerations) values (5, 'Nulla tempus.', 'Duis consequat dui nec nisi volutpat eleifend.', 'Integer ac leo.', 'Vestibulum ante ipsum primis in faucibus orci luctus et ultrices posuere cubilia Curae; Nulla dapibus dolor vel est.', 'Morbi quis tortor id nulla ultrices aliquet.', 'Cras pellentesque volutpat dui.', 96, 93, 75, 72, 86, 'Morbi odio odio, elementum eu, interdum eu, tincidunt in, leo.');
insert into assessment_m2r (id, test_a1_result, test_a1_considerations, test_a2_result, test_a2_considerations, test_a3_result, test_a3_considerations, test_a4_distance, test_a4_vo2max, test_a4_resting_heart_rate, teste_a4_end_heart_race, test_a4_heart_race_after_1second, test_a4_considerations) values (6, 'Nulla ac enim.', 'Integer non velit.', 'Vestibulum ante ipsum primis in faucibus orci luctus et ultrices posuere cubilia Curae; Donec pharetra, magna vestibulum aliquet ultrices, erat tortor sollicitudin mi, sit amet lobortis sapien sapien non mi.', 'Cras pellentesque volutpat dui.', 'Praesent blandit lacinia erat.', 'Aliquam non mauris.', 50, 20, 98, 99, 83, 'In hac habitasse platea dictumst.');
insert into assessment_m2r (id, test_a1_result, test_a1_considerations, test_a2_result, test_a2_considerations, test_a3_result, test_a3_considerations, test_a4_distance, test_a4_vo2max, test_a4_resting_heart_rate, teste_a4_end_heart_race, test_a4_heart_race_after_1second, test_a4_considerations) values (7, 'Pellentesque ultrices mattis odio.', 'Nulla tellus.', 'Nunc rhoncus dui vel sem.', 'Aenean fermentum.', 'Praesent blandit.', 'Morbi quis tortor id nulla ultrices aliquet.', 92, 66, 86, 88, 96, 'Donec semper sapien a libero.');
insert into assessment_m2r (id, test_a1_result, test_a1_considerations, test_a2_result, test_a2_considerations, test_a3_result, test_a3_considerations, test_a4_distance, test_a4_vo2max, test_a4_resting_heart_rate, teste_a4_end_heart_race, test_a4_heart_race_after_1second, test_a4_considerations) values (8, 'Cras in purus eu magna vulputate luctus.', 'Mauris ullamcorper purus sit amet nulla.', 'Aliquam quis turpis eget elit sodales scelerisque.', 'Integer non velit.', 'Mauris sit amet eros.', 'Nam tristique tortor eu pede.', 97, 24, 70, 100, 75, 'Nulla neque libero, convallis eget, eleifend luctus, ultricies eu, nibh.');
insert into assessment_m2r (id, test_a1_result, test_a1_considerations, test_a2_result, test_a2_considerations, test_a3_result, test_a3_considerations, test_a4_distance, test_a4_vo2max, test_a4_resting_heart_rate, teste_a4_end_heart_race, test_a4_heart_race_after_1second, test_a4_considerations) values (9, 'Cras in purus eu magna vulputate luctus.', 'Pellentesque eget nunc.', 'Mauris lacinia sapien quis libero.', 'Donec quis orci eget orci vehicula condimentum.', 'Maecenas pulvinar lobortis est.', 'Morbi non quam nec dui luctus rutrum.', 52, 59, 71, 80, 95, 'Morbi non quam nec dui luctus rutrum.');
insert into assessment_m2r (id, test_a1_result, test_a1_considerations, test_a2_result, test_a2_considerations, test_a3_result, test_a3_considerations, test_a4_distance, test_a4_vo2max, test_a4_resting_heart_rate, teste_a4_end_heart_race, test_a4_heart_race_after_1second, test_a4_considerations) values (10, 'In sagittis dui vel nisl.', 'Curabitur convallis.', 'Curabitur convallis.', 'Maecenas tincidunt lacus at velit.', 'Cum sociis natoque penatibus et magnis dis parturient montes, nascetur ridiculus mus.', 'Nunc purus.', 24, 36, 86, 99, 79, 'Integer a nibh.');
insert into assessment_m2r (id, test_a1_result, test_a1_considerations, test_a2_result, test_a2_considerations, test_a3_result, test_a3_considerations, test_a4_distance, test_a4_vo2max, test_a4_resting_heart_rate, teste_a4_end_heart_race, test_a4_heart_race_after_1second, test_a4_considerations) values (11, 'Nulla nisl.', 'Phasellus in felis.', 'Quisque ut erat.', 'In sagittis dui vel nisl.', 'In quis justo.', 'Phasellus sit amet erat.', 60, 42, 100, 84, 93, 'Nullam orci pede, venenatis non, sodales sed, tincidunt eu, felis.');
insert into assessment_m2r (id, test_a1_result, test_a1_considerations, test_a2_result, test_a2_considerations, test_a3_result, test_a3_considerations, test_a4_distance, test_a4_vo2max, test_a4_resting_heart_rate, teste_a4_end_heart_race, test_a4_heart_race_after_1second, test_a4_considerations) values (12, 'Lorem ipsum dolor sit amet, consectetuer adipiscing elit.', 'Nullam molestie nibh in lectus.', 'Vivamus vel nulla eget eros elementum pellentesque.', 'Phasellus in felis.', 'Proin leo odio, porttitor id, consequat in, consequat ut, nulla.', 'Nullam molestie nibh in lectus.', 65, 49, 74, 71, 77, 'In hac habitasse platea dictumst.');
insert into assessment_m2r (id, test_a1_result, test_a1_considerations, test_a2_result, test_a2_considerations, test_a3_result, test_a3_considerations, test_a4_distance, test_a4_vo2max, test_a4_resting_heart_rate, teste_a4_end_heart_race, test_a4_heart_race_after_1second, test_a4_considerations) values (13, 'Suspendisse potenti.', 'Morbi quis tortor id nulla ultrices aliquet.', 'Nam tristique tortor eu pede.', 'Donec posuere metus vitae ipsum.', 'Pellentesque eget nunc.', 'Nulla ut erat id mauris vulputate elementum.', 23, 31, 80, 100, 79, 'Maecenas rhoncus aliquam lacus.');
insert into assessment_m2r (id, test_a1_result, test_a1_considerations, test_a2_result, test_a2_considerations, test_a3_result, test_a3_considerations, test_a4_distance, test_a4_vo2max, test_a4_resting_heart_rate, teste_a4_end_heart_race, test_a4_heart_race_after_1second, test_a4_considerations) values (14, 'Maecenas leo odio, condimentum id, luctus nec, molestie sed, justo.', 'Curabitur gravida nisi at nibh.', 'Integer aliquet, massa id lobortis convallis, tortor risus dapibus augue, vel accumsan tellus nisi eu orci.', 'Morbi vestibulum, velit id pretium iaculis, diam erat fermentum justo, nec condimentum neque sapien placerat ante.', 'Vivamus vel nulla eget eros elementum pellentesque.', 'In eleifend quam a odio.', 95, 69, 75, 76, 70, 'Morbi quis tortor id nulla ultrices aliquet.');
insert into assessment_m2r (id, test_a1_result, test_a1_considerations, test_a2_result, test_a2_considerations, test_a3_result, test_a3_considerations, test_a4_distance, test_a4_vo2max, test_a4_resting_heart_rate, teste_a4_end_heart_race, test_a4_heart_race_after_1second, test_a4_considerations) values (15, 'Vivamus metus arcu, adipiscing molestie, hendrerit at, vulputate vitae, nisl.', 'Etiam pretium iaculis justo.', 'Vestibulum ac est lacinia nisi venenatis tristique.', 'Aliquam erat volutpat.', 'Cras pellentesque volutpat dui.', 'Nunc nisl.', 42, 72, 70, 94, 100, 'Morbi non lectus.');
insert into assessment_m2r (id, test_a1_result, test_a1_considerations, test_a2_result, test_a2_considerations, test_a3_result, test_a3_considerations, test_a4_distance, test_a4_vo2max, test_a4_resting_heart_rate, teste_a4_end_heart_race, test_a4_heart_race_after_1second, test_a4_considerations) values (16, 'Suspendisse potenti.', 'Suspendisse ornare consequat lectus.', 'Nulla tellus.', 'Maecenas ut massa quis augue luctus tincidunt.', 'Nulla suscipit ligula in lacus.', 'Nulla ut erat id mauris vulputate elementum.', 63, 94, 72, 96, 89, 'Nam congue, risus semper porta volutpat, quam pede lobortis ligula, sit amet eleifend pede libero quis orci.');
insert into assessment_m2r (id, test_a1_result, test_a1_considerations, test_a2_result, test_a2_considerations, test_a3_result, test_a3_considerations, test_a4_distance, test_a4_vo2max, test_a4_resting_heart_rate, teste_a4_end_heart_race, test_a4_heart_race_after_1second, test_a4_considerations) values (17, 'Duis mattis egestas metus.', 'Fusce congue, diam id ornare imperdiet, sapien urna pretium nisl, ut volutpat sapien arcu sed augue.', 'Nullam porttitor lacus at turpis.', 'Duis bibendum.', 'Nulla neque libero, convallis eget, eleifend luctus, ultricies eu, nibh.', 'In hac habitasse platea dictumst.', 28, 48, 92, 98, 75, 'Duis at velit eu est congue elementum.');
insert into assessment_m2r (id, test_a1_result, test_a1_considerations, test_a2_result, test_a2_considerations, test_a3_result, test_a3_considerations, test_a4_distance, test_a4_vo2max, test_a4_resting_heart_rate, teste_a4_end_heart_race, test_a4_heart_race_after_1second, test_a4_considerations) values (18, 'Proin interdum mauris non ligula pellentesque ultrices.', 'Duis bibendum, felis sed interdum venenatis, turpis enim blandit mi, in porttitor pede justo eu massa.', 'Suspendisse ornare consequat lectus.', 'Aenean auctor gravida sem.', 'Maecenas leo odio, condimentum id, luctus nec, molestie sed, justo.', 'Suspendisse ornare consequat lectus.', 59, 78, 86, 72, 79, 'Aliquam non mauris.');
insert into assessment_m2r (id, test_a1_result, test_a1_considerations, test_a2_result, test_a2_considerations, test_a3_result, test_a3_considerations, test_a4_distance, test_a4_vo2max, test_a4_resting_heart_rate, teste_a4_end_heart_race, test_a4_heart_race_after_1second, test_a4_considerations) values (19, 'Cras pellentesque volutpat dui.', 'Integer tincidunt ante vel ipsum.', 'Mauris enim leo, rhoncus sed, vestibulum sit amet, cursus id, turpis.', 'Quisque ut erat.', 'Morbi quis tortor id nulla ultrices aliquet.', 'Vivamus metus arcu, adipiscing molestie, hendrerit at, vulputate vitae, nisl.', 12, 83, 91, 89, 74, 'Morbi vestibulum, velit id pretium iaculis, diam erat fermentum justo, nec condimentum neque sapien placerat ante.');
insert into assessment_m2r (id, test_a1_result, test_a1_considerations, test_a2_result, test_a2_considerations, test_a3_result, test_a3_considerations, test_a4_distance, test_a4_vo2max, test_a4_resting_heart_rate, teste_a4_end_heart_race, test_a4_heart_race_after_1second, test_a4_considerations) values (20, 'Aliquam quis turpis eget elit sodales scelerisque.', 'Mauris sit amet eros.', 'Vestibulum ante ipsum primis in faucibus orci luctus et ultrices posuere cubilia Curae; Duis faucibus accumsan odio.', 'Nam nulla.', 'Mauris enim leo, rhoncus sed, vestibulum sit amet, cursus id, turpis.', 'Pellentesque at nulla.', 52, 26, 85, 82, 85, 'Donec vitae nisi.');

insert into assessment_second_serie (id, contraction_quality, muscular_resistance) values (1, 'Vivamus vestibulum sagittis sapien.', 'Nam ultrices, libero non mattis pulvinar, nulla pede ullamcorper augue, a suscipit nulla elit ac nulla.');
insert into assessment_second_serie (id, contraction_quality, muscular_resistance) values (2, 'Curabitur gravida nisi at nibh.', 'Morbi non lectus.');
insert into assessment_second_serie (id, contraction_quality, muscular_resistance) values (3, 'Morbi porttitor lorem id ligula.', 'Lorem ipsum dolor sit amet, consectetuer adipiscing elit.');
insert into assessment_second_serie (id, contraction_quality, muscular_resistance) values (4, 'Maecenas rhoncus aliquam lacus.', 'Nunc rhoncus dui vel sem.');
insert into assessment_second_serie (id, contraction_quality, muscular_resistance) values (5, 'Donec dapibus.', 'Donec posuere metus vitae ipsum.');
insert into assessment_second_serie (id, contraction_quality, muscular_resistance) values (6, 'Cum sociis natoque penatibus et magnis dis parturient montes, nascetur ridiculus mus.', 'Aliquam augue quam, sollicitudin vitae, consectetuer eget, rutrum at, lorem.');
insert into assessment_second_serie (id, contraction_quality, muscular_resistance) values (7, 'Nunc nisl.', 'Cras pellentesque volutpat dui.');
insert into assessment_second_serie (id, contraction_quality, muscular_resistance) values (8, 'Lorem ipsum dolor sit amet, consectetuer adipiscing elit.', 'Sed accumsan felis.');
insert into assessment_second_serie (id, contraction_quality, muscular_resistance) values (9, 'Vestibulum ante ipsum primis in faucibus orci luctus et ultrices posuere cubilia Curae; Duis faucibus accumsan odio.', 'Nulla justo.');
insert into assessment_second_serie (id, contraction_quality, muscular_resistance) values (10, 'Integer ac leo.', 'Fusce congue, diam id ornare imperdiet, sapien urna pretium nisl, ut volutpat sapien arcu sed augue.');
insert into assessment_second_serie (id, contraction_quality, muscular_resistance) values (11, 'Morbi ut odio.', 'Sed ante.');
insert into assessment_second_serie (id, contraction_quality, muscular_resistance) values (12, 'Etiam faucibus cursus urna.', 'Suspendisse accumsan tortor quis turpis.');
insert into assessment_second_serie (id, contraction_quality, muscular_resistance) values (13, 'Suspendisse potenti.', 'Curabitur at ipsum ac tellus semper interdum.');
insert into assessment_second_serie (id, contraction_quality, muscular_resistance) values (14, 'Nulla nisl.', 'Duis aliquam convallis nunc.');
insert into assessment_second_serie (id, contraction_quality, muscular_resistance) values (15, 'Vivamus vel nulla eget eros elementum pellentesque.', 'Morbi a ipsum.');
insert into assessment_second_serie (id, contraction_quality, muscular_resistance) values (16, 'In hac habitasse platea dictumst.', 'Donec odio justo, sollicitudin ut, suscipit a, feugiat et, eros.');
insert into assessment_second_serie (id, contraction_quality, muscular_resistance) values (17, 'Donec dapibus.', 'Ut tellus.');
insert into assessment_second_serie (id, contraction_quality, muscular_resistance) values (18, 'Morbi non quam nec dui luctus rutrum.', 'Nam nulla.');
insert into assessment_second_serie (id, contraction_quality, muscular_resistance) values (19, 'In eleifend quam a odio.', 'Aenean sit amet justo.');
insert into assessment_second_serie (id, contraction_quality, muscular_resistance) values (20, 'Sed vel enim sit amet nunc viverra dapibus.', 'Proin at turpis a pede posuere nonummy.');

insert into assessment_second_serie_constraction_quality (id, p1_pull_down, p1_leg_extension, p1_chest_press, p1_leg_press, p2_pull_down, p2_leg_extension, p2_chest_press, p2_leg_press, p3_pull_down, p3_leg_extension, p3_chest_press, p3_leg_press) values (1, 'N', 'Y', 'Y', 'Y', 'Y', 'N', 'Y', 'N', 'N', 'N', 'N', 'N');
insert into assessment_second_serie_constraction_quality (id, p1_pull_down, p1_leg_extension, p1_chest_press, p1_leg_press, p2_pull_down, p2_leg_extension, p2_chest_press, p2_leg_press, p3_pull_down, p3_leg_extension, p3_chest_press, p3_leg_press) values (2, 'N', 'N', 'N', 'Y', 'Y', 'Y', 'N', 'Y', 'N', 'N', 'N', 'N');
insert into assessment_second_serie_constraction_quality (id, p1_pull_down, p1_leg_extension, p1_chest_press, p1_leg_press, p2_pull_down, p2_leg_extension, p2_chest_press, p2_leg_press, p3_pull_down, p3_leg_extension, p3_chest_press, p3_leg_press) values (3, 'N', 'Y', 'Y', 'Y', 'Y', 'N', 'N', 'N', 'N', 'N', 'N', 'Y');
insert into assessment_second_serie_constraction_quality (id, p1_pull_down, p1_leg_extension, p1_chest_press, p1_leg_press, p2_pull_down, p2_leg_extension, p2_chest_press, p2_leg_press, p3_pull_down, p3_leg_extension, p3_chest_press, p3_leg_press) values (4, 'N', 'N', 'Y', 'Y', 'Y', 'N', 'N', 'Y', 'Y', 'N', 'N', 'Y');
insert into assessment_second_serie_constraction_quality (id, p1_pull_down, p1_leg_extension, p1_chest_press, p1_leg_press, p2_pull_down, p2_leg_extension, p2_chest_press, p2_leg_press, p3_pull_down, p3_leg_extension, p3_chest_press, p3_leg_press) values (5, 'Y', 'Y', 'Y', 'N', 'Y', 'Y', 'N', 'Y', 'N', 'N', 'N', 'N');
insert into assessment_second_serie_constraction_quality (id, p1_pull_down, p1_leg_extension, p1_chest_press, p1_leg_press, p2_pull_down, p2_leg_extension, p2_chest_press, p2_leg_press, p3_pull_down, p3_leg_extension, p3_chest_press, p3_leg_press) values (6, 'Y', 'N', 'Y', 'Y', 'N', 'Y', 'N', 'Y', 'Y', 'Y', 'N', 'Y');
insert into assessment_second_serie_constraction_quality (id, p1_pull_down, p1_leg_extension, p1_chest_press, p1_leg_press, p2_pull_down, p2_leg_extension, p2_chest_press, p2_leg_press, p3_pull_down, p3_leg_extension, p3_chest_press, p3_leg_press) values (7, 'N', 'N', 'N', 'Y', 'N', 'N', 'N', 'Y', 'Y', 'Y', 'N', 'N');
insert into assessment_second_serie_constraction_quality (id, p1_pull_down, p1_leg_extension, p1_chest_press, p1_leg_press, p2_pull_down, p2_leg_extension, p2_chest_press, p2_leg_press, p3_pull_down, p3_leg_extension, p3_chest_press, p3_leg_press) values (8, 'N', 'N', 'N', 'N', 'Y', 'N', 'N', 'N', 'N', 'N', 'N', 'Y');
insert into assessment_second_serie_constraction_quality (id, p1_pull_down, p1_leg_extension, p1_chest_press, p1_leg_press, p2_pull_down, p2_leg_extension, p2_chest_press, p2_leg_press, p3_pull_down, p3_leg_extension, p3_chest_press, p3_leg_press) values (9, 'N', 'Y', 'Y', 'N', 'N', 'Y', 'Y', 'N', 'Y', 'Y', 'Y', 'N');
insert into assessment_second_serie_constraction_quality (id, p1_pull_down, p1_leg_extension, p1_chest_press, p1_leg_press, p2_pull_down, p2_leg_extension, p2_chest_press, p2_leg_press, p3_pull_down, p3_leg_extension, p3_chest_press, p3_leg_press) values (10, 'N', 'Y', 'N', 'Y', 'Y', 'Y', 'N', 'Y', 'Y', 'Y', 'N', 'Y');
insert into assessment_second_serie_constraction_quality (id, p1_pull_down, p1_leg_extension, p1_chest_press, p1_leg_press, p2_pull_down, p2_leg_extension, p2_chest_press, p2_leg_press, p3_pull_down, p3_leg_extension, p3_chest_press, p3_leg_press) values (11, 'Y', 'Y', 'N', 'Y', 'Y', 'Y', 'N', 'Y', 'Y', 'Y', 'N', 'Y');
insert into assessment_second_serie_constraction_quality (id, p1_pull_down, p1_leg_extension, p1_chest_press, p1_leg_press, p2_pull_down, p2_leg_extension, p2_chest_press, p2_leg_press, p3_pull_down, p3_leg_extension, p3_chest_press, p3_leg_press) values (12, 'Y', 'Y', 'N', 'Y', 'Y', 'Y', 'Y', 'Y', 'N', 'N', 'Y', 'N');
insert into assessment_second_serie_constraction_quality (id, p1_pull_down, p1_leg_extension, p1_chest_press, p1_leg_press, p2_pull_down, p2_leg_extension, p2_chest_press, p2_leg_press, p3_pull_down, p3_leg_extension, p3_chest_press, p3_leg_press) values (13, 'N', 'Y', 'N', 'Y', 'N', 'N', 'N', 'N', 'Y', 'N', 'Y', 'Y');
insert into assessment_second_serie_constraction_quality (id, p1_pull_down, p1_leg_extension, p1_chest_press, p1_leg_press, p2_pull_down, p2_leg_extension, p2_chest_press, p2_leg_press, p3_pull_down, p3_leg_extension, p3_chest_press, p3_leg_press) values (14, 'Y', 'N', 'Y', 'Y', 'N', 'N', 'Y', 'N', 'N', 'N', 'Y', 'N');
insert into assessment_second_serie_constraction_quality (id, p1_pull_down, p1_leg_extension, p1_chest_press, p1_leg_press, p2_pull_down, p2_leg_extension, p2_chest_press, p2_leg_press, p3_pull_down, p3_leg_extension, p3_chest_press, p3_leg_press) values (15, 'Y', 'Y', 'N', 'N', 'Y', 'N', 'Y', 'N', 'N', 'N', 'N', 'Y');
insert into assessment_second_serie_constraction_quality (id, p1_pull_down, p1_leg_extension, p1_chest_press, p1_leg_press, p2_pull_down, p2_leg_extension, p2_chest_press, p2_leg_press, p3_pull_down, p3_leg_extension, p3_chest_press, p3_leg_press) values (16, 'N', 'Y', 'Y', 'Y', 'Y', 'Y', 'Y', 'N', 'Y', 'N', 'N', 'Y');
insert into assessment_second_serie_constraction_quality (id, p1_pull_down, p1_leg_extension, p1_chest_press, p1_leg_press, p2_pull_down, p2_leg_extension, p2_chest_press, p2_leg_press, p3_pull_down, p3_leg_extension, p3_chest_press, p3_leg_press) values (17, 'N', 'N', 'Y', 'Y', 'N', 'N', 'Y', 'N', 'Y', 'N', 'N', 'N');
insert into assessment_second_serie_constraction_quality (id, p1_pull_down, p1_leg_extension, p1_chest_press, p1_leg_press, p2_pull_down, p2_leg_extension, p2_chest_press, p2_leg_press, p3_pull_down, p3_leg_extension, p3_chest_press, p3_leg_press) values (18, 'N', 'N', 'N', 'N', 'Y', 'Y', 'Y', 'Y', 'N', 'Y', 'Y', 'N');
insert into assessment_second_serie_constraction_quality (id, p1_pull_down, p1_leg_extension, p1_chest_press, p1_leg_press, p2_pull_down, p2_leg_extension, p2_chest_press, p2_leg_press, p3_pull_down, p3_leg_extension, p3_chest_press, p3_leg_press) values (19, 'N', 'Y', 'Y', 'Y', 'Y', 'Y', 'N', 'Y', 'N', 'N', 'Y', 'Y');
insert into assessment_second_serie_constraction_quality (id, p1_pull_down, p1_leg_extension, p1_chest_press, p1_leg_press, p2_pull_down, p2_leg_extension, p2_chest_press, p2_leg_press, p3_pull_down, p3_leg_extension, p3_chest_press, p3_leg_press) values (20, 'Y', 'N', 'Y', 'Y', 'Y', 'N', 'Y', 'Y', 'Y', 'N', 'N', 'N');

insert into assessment_second_serie_muscular_resistance (id, p1_pull_down, p1_leg_extension, p1_chest_press, p1_leg_press, p2_pull_down, p2_leg_extension, p2_chest_press, p2_leg_press, p3_pull_down, p3_leg_extension, p3_chest_press, p3_leg_press) values (1, 'Y', 'Y', 'Y', 'Y', 'Y', 'N', 'Y', 'N', 'bibendum morbi non quam nec dui', 'dolor sit amet consectetuer', 'mattis pulvinar nulla pede ullamcorper augue a suscipit nulla', 'vivamus metus arcu adipiscing');
insert into assessment_second_serie_muscular_resistance (id, p1_pull_down, p1_leg_extension, p1_chest_press, p1_leg_press, p2_pull_down, p2_leg_extension, p2_chest_press, p2_leg_press, p3_pull_down, p3_leg_extension, p3_chest_press, p3_leg_press) values (2, 'N', 'Y', 'Y', 'Y', 'N', 'N', 'Y', 'N', 'dictumst etiam faucibus cursus urna', 'velit id pretium iaculis diam erat fermentum justo', 'dis parturient montes nascetur ridiculus mus vivamus vestibulum sagittis sapien', 'nibh in quis justo maecenas rhoncus aliquam lacus morbi');
insert into assessment_second_serie_muscular_resistance (id, p1_pull_down, p1_leg_extension, p1_chest_press, p1_leg_press, p2_pull_down, p2_leg_extension, p2_chest_press, p2_leg_press, p3_pull_down, p3_leg_extension, p3_chest_press, p3_leg_press) values (3, 'Y', 'N', 'Y', 'N', 'Y', 'N', 'Y', 'Y', 'nullam sit amet turpis elementum ligula', 'posuere cubilia curae duis faucibus accumsan odio', 'consectetuer eget rutrum at', 'in faucibus orci luctus et ultrices');
insert into assessment_second_serie_muscular_resistance (id, p1_pull_down, p1_leg_extension, p1_chest_press, p1_leg_press, p2_pull_down, p2_leg_extension, p2_chest_press, p2_leg_press, p3_pull_down, p3_leg_extension, p3_chest_press, p3_leg_press) values (4, 'N', 'N', 'N', 'Y', 'N', 'Y', 'Y', 'Y', 'maecenas rhoncus aliquam lacus morbi quis tortor', 'nisi eu orci mauris lacinia sapien', 'magnis dis parturient', 'risus semper porta volutpat quam pede lobortis');
insert into assessment_second_serie_muscular_resistance (id, p1_pull_down, p1_leg_extension, p1_chest_press, p1_leg_press, p2_pull_down, p2_leg_extension, p2_chest_press, p2_leg_press, p3_pull_down, p3_leg_extension, p3_chest_press, p3_leg_press) values (5, 'Y', 'N', 'Y', 'N', 'Y', 'N', 'Y', 'N', 'integer pede justo lacinia eget tincidunt eget', 'convallis duis consequat dui nec nisi', 'egestas metus aenean fermentum donec ut mauris eget massa', 'primis in faucibus orci luctus et ultrices');
insert into assessment_second_serie_muscular_resistance (id, p1_pull_down, p1_leg_extension, p1_chest_press, p1_leg_press, p2_pull_down, p2_leg_extension, p2_chest_press, p2_leg_press, p3_pull_down, p3_leg_extension, p3_chest_press, p3_leg_press) values (6, 'N', 'Y', 'N', 'N', 'N', 'Y', 'N', 'Y', 'penatibus et magnis dis parturient montes nascetur ridiculus mus etiam', 'lacinia erat vestibulum', 'nullam varius nulla facilisi cras non velit', 'nisi volutpat eleifend donec ut dolor morbi vel');
insert into assessment_second_serie_muscular_resistance (id, p1_pull_down, p1_leg_extension, p1_chest_press, p1_leg_press, p2_pull_down, p2_leg_extension, p2_chest_press, p2_leg_press, p3_pull_down, p3_leg_extension, p3_chest_press, p3_leg_press) values (7, 'Y', 'Y', 'N', 'Y', 'Y', 'N', 'N', 'Y', 'sit amet erat nulla', 'libero nam dui proin leo odio porttitor id', 'velit nec nisi vulputate nonummy maecenas tincidunt lacus at', 'vel pede morbi');
insert into assessment_second_serie_muscular_resistance (id, p1_pull_down, p1_leg_extension, p1_chest_press, p1_leg_press, p2_pull_down, p2_leg_extension, p2_chest_press, p2_leg_press, p3_pull_down, p3_leg_extension, p3_chest_press, p3_leg_press) values (8, 'Y', 'Y', 'N', 'N', 'Y', 'Y', 'Y', 'Y', 'integer aliquet massa id lobortis convallis tortor risus dapibus augue', 'venenatis tristique fusce congue diam id', 'odio condimentum id luctus nec molestie sed justo', 'sed lacus morbi sem mauris laoreet ut rhoncus aliquet');
insert into assessment_second_serie_muscular_resistance (id, p1_pull_down, p1_leg_extension, p1_chest_press, p1_leg_press, p2_pull_down, p2_leg_extension, p2_chest_press, p2_leg_press, p3_pull_down, p3_leg_extension, p3_chest_press, p3_leg_press) values (9, 'Y', 'N', 'Y', 'N', 'Y', 'Y', 'Y', 'N', 'mauris sit amet', 'metus arcu adipiscing molestie hendrerit at vulputate vitae nisl', 'curae nulla dapibus dolor', 'cras pellentesque volutpat dui maecenas tristique est');
insert into assessment_second_serie_muscular_resistance (id, p1_pull_down, p1_leg_extension, p1_chest_press, p1_leg_press, p2_pull_down, p2_leg_extension, p2_chest_press, p2_leg_press, p3_pull_down, p3_leg_extension, p3_chest_press, p3_leg_press) values (10, 'Y', 'N', 'N', 'Y', 'N', 'Y', 'Y', 'Y', 'nulla eget eros elementum pellentesque quisque porta', 'iaculis justo in hac habitasse platea dictumst', 'ornare imperdiet sapien urna pretium nisl', 'donec semper sapien');
insert into assessment_second_serie_muscular_resistance (id, p1_pull_down, p1_leg_extension, p1_chest_press, p1_leg_press, p2_pull_down, p2_leg_extension, p2_chest_press, p2_leg_press, p3_pull_down, p3_leg_extension, p3_chest_press, p3_leg_press) values (11, 'Y', 'Y', 'N', 'Y', 'Y', 'Y', 'Y', 'Y', 'ante vel ipsum praesent blandit lacinia erat vestibulum sed magna', 'pede justo lacinia eget tincidunt eget', 'tortor id nulla ultrices aliquet maecenas', 'metus vitae ipsum aliquam non mauris morbi non lectus');
insert into assessment_second_serie_muscular_resistance (id, p1_pull_down, p1_leg_extension, p1_chest_press, p1_leg_press, p2_pull_down, p2_leg_extension, p2_chest_press, p2_leg_press, p3_pull_down, p3_leg_extension, p3_chest_press, p3_leg_press) values (12, 'N', 'Y', 'N', 'N', 'Y', 'Y', 'Y', 'N', 'nunc vestibulum ante ipsum primis in', 'ut rhoncus aliquet pulvinar sed', 'luctus rutrum nulla tellus in sagittis', 'ac lobortis vel dapibus at diam nam tristique tortor eu');
insert into assessment_second_serie_muscular_resistance (id, p1_pull_down, p1_leg_extension, p1_chest_press, p1_leg_press, p2_pull_down, p2_leg_extension, p2_chest_press, p2_leg_press, p3_pull_down, p3_leg_extension, p3_chest_press, p3_leg_press) values (13, 'Y', 'Y', 'N', 'N', 'N', 'N', 'Y', 'Y', 'sapien a libero nam dui proin', 'sem mauris laoreet', 'nibh ligula nec sem duis aliquam convallis nunc proin at', 'orci luctus et ultrices posuere cubilia curae mauris viverra');
insert into assessment_second_serie_muscular_resistance (id, p1_pull_down, p1_leg_extension, p1_chest_press, p1_leg_press, p2_pull_down, p2_leg_extension, p2_chest_press, p2_leg_press, p3_pull_down, p3_leg_extension, p3_chest_press, p3_leg_press) values (14, 'Y', 'Y', 'N', 'Y', 'N', 'Y', 'N', 'N', 'vivamus in felis eu', 'at feugiat non pretium quis lectus suspendisse', 'nec sem duis aliquam convallis nunc proin at', 'sociis natoque penatibus et magnis dis');
insert into assessment_second_serie_muscular_resistance (id, p1_pull_down, p1_leg_extension, p1_chest_press, p1_leg_press, p2_pull_down, p2_leg_extension, p2_chest_press, p2_leg_press, p3_pull_down, p3_leg_extension, p3_chest_press, p3_leg_press) values (15, 'Y', 'Y', 'N', 'N', 'Y', 'N', 'Y', 'N', 'consequat dui nec nisi', 'interdum mauris ullamcorper purus sit amet', 'libero nullam sit amet', 'nisi vulputate nonummy maecenas');
insert into assessment_second_serie_muscular_resistance (id, p1_pull_down, p1_leg_extension, p1_chest_press, p1_leg_press, p2_pull_down, p2_leg_extension, p2_chest_press, p2_leg_press, p3_pull_down, p3_leg_extension, p3_chest_press, p3_leg_press) values (16, 'N', 'N', 'Y', 'N', 'Y', 'Y', 'N', 'Y', 'justo sit amet sapien dignissim vestibulum vestibulum ante', 'metus vitae ipsum aliquam', 'aliquet massa id lobortis convallis', 'potenti nullam porttitor lacus at turpis');
insert into assessment_second_serie_muscular_resistance (id, p1_pull_down, p1_leg_extension, p1_chest_press, p1_leg_press, p2_pull_down, p2_leg_extension, p2_chest_press, p2_leg_press, p3_pull_down, p3_leg_extension, p3_chest_press, p3_leg_press) values (17, 'Y', 'Y', 'Y', 'Y', 'Y', 'N', 'N', 'N', 'non velit donec diam', 'sodales sed tincidunt eu felis fusce posuere', 'metus aenean fermentum donec ut mauris eget massa tempor convallis', 'tempus vivamus in');
insert into assessment_second_serie_muscular_resistance (id, p1_pull_down, p1_leg_extension, p1_chest_press, p1_leg_press, p2_pull_down, p2_leg_extension, p2_chest_press, p2_leg_press, p3_pull_down, p3_leg_extension, p3_chest_press, p3_leg_press) values (18, 'Y', 'Y', 'N', 'Y', 'Y', 'Y', 'N', 'Y', 'sit amet eros suspendisse accumsan tortor quis turpis', 'suspendisse potenti cras in purus eu magna vulputate luctus', 'orci vehicula condimentum curabitur in libero ut massa volutpat convallis', 'sed augue aliquam erat volutpat');
insert into assessment_second_serie_muscular_resistance (id, p1_pull_down, p1_leg_extension, p1_chest_press, p1_leg_press, p2_pull_down, p2_leg_extension, p2_chest_press, p2_leg_press, p3_pull_down, p3_leg_extension, p3_chest_press, p3_leg_press) values (19, 'Y', 'N', 'N', 'N', 'N', 'Y', 'Y', 'N', 'justo pellentesque viverra pede ac', 'odio donec vitae nisi', 'consequat in consequat ut nulla sed accumsan', 'turpis adipiscing lorem vitae mattis nibh');
insert into assessment_second_serie_muscular_resistance (id, p1_pull_down, p1_leg_extension, p1_chest_press, p1_leg_press, p2_pull_down, p2_leg_extension, p2_chest_press, p2_leg_press, p3_pull_down, p3_leg_extension, p3_chest_press, p3_leg_press) values (20, 'Y', 'N', 'N', 'N', 'N', 'Y', 'Y', 'Y', 'dui vel sem sed sagittis', 'massa id nisl', 'ut erat id mauris', 'vulputate vitae nisl aenean');


insert into assessment_second_serie_load_register (id, subjective_effort_perspective, scale_of_feeling) values (1, 'nunc donec quis orci eget orci vehicula condimentum curabitur in libero ut massa volutpat convallis morbi odio odio elementum', 'sed magna at nunc commodo placerat praesent blandit nam nulla integer pede justo lacinia eget tincidunt eget tempus');
insert into assessment_second_serie_load_register (id, subjective_effort_perspective, scale_of_feeling) values (2, 'tellus in sagittis dui vel nisl duis ac nibh fusce lacus purus aliquet at feugiat', 'interdum in ante vestibulum ante ipsum primis in faucibus orci luctus et ultrices posuere cubilia curae duis faucibus accumsan');
insert into assessment_second_serie_load_register (id, subjective_effort_perspective, scale_of_feeling) values (3, 'maecenas leo odio condimentum id luctus nec molestie sed justo pellentesque viverra pede ac diam cras', 'ut dolor morbi vel lectus in quam fringilla rhoncus mauris enim leo');
insert into assessment_second_serie_load_register (id, subjective_effort_perspective, scale_of_feeling) values (4, 'lacus morbi sem mauris laoreet ut rhoncus aliquet pulvinar sed nisl nunc rhoncus dui vel sem sed sagittis', 'ipsum dolor sit amet consectetuer adipiscing elit proin risus praesent lectus');
insert into assessment_second_serie_load_register (id, subjective_effort_perspective, scale_of_feeling) values (5, 'in sagittis dui vel nisl duis ac nibh fusce lacus purus aliquet at feugiat non', 'aenean lectus pellentesque eget nunc donec quis orci eget orci vehicula condimentum curabitur in libero ut massa volutpat convallis');
insert into assessment_second_serie_load_register (id, subjective_effort_perspective, scale_of_feeling) values (6, 'tempus semper est quam pharetra magna ac consequat metus sapien', 'ultrices erat tortor sollicitudin mi sit amet lobortis sapien sapien non mi integer ac neque duis bibendum morbi non quam');
insert into assessment_second_serie_load_register (id, subjective_effort_perspective, scale_of_feeling) values (7, 'faucibus cursus urna ut tellus nulla ut erat id mauris vulputate', 'pede lobortis ligula sit amet eleifend pede libero quis orci nullam molestie nibh in lectus pellentesque at nulla suspendisse potenti');
insert into assessment_second_serie_load_register (id, subjective_effort_perspective, scale_of_feeling) values (8, 'elit ac nulla sed vel enim sit amet nunc viverra dapibus nulla', 'vitae nisi nam ultrices libero non mattis pulvinar nulla pede ullamcorper augue a suscipit');
insert into assessment_second_serie_load_register (id, subjective_effort_perspective, scale_of_feeling) values (9, 'auctor sed tristique in tempus sit amet sem fusce consequat nulla nisl nunc nisl duis bibendum felis', 'blandit ultrices enim lorem ipsum dolor sit amet consectetuer adipiscing elit proin interdum mauris non ligula pellentesque ultrices phasellus id');
insert into assessment_second_serie_load_register (id, subjective_effort_perspective, scale_of_feeling) values (10, 'orci mauris lacinia sapien quis libero nullam sit amet turpis', 'fusce posuere felis sed lacus morbi sem mauris laoreet ut rhoncus aliquet pulvinar sed');
insert into assessment_second_serie_load_register (id, subjective_effort_perspective, scale_of_feeling) values (11, 'nibh quisque id justo sit amet sapien dignissim vestibulum vestibulum ante ipsum primis in faucibus orci', 'magna ac consequat metus sapien ut nunc vestibulum ante ipsum primis');
insert into assessment_second_serie_load_register (id, subjective_effort_perspective, scale_of_feeling) values (12, 'in hac habitasse platea dictumst aliquam augue quam sollicitudin vitae consectetuer eget rutrum at lorem integer', 'amet consectetuer adipiscing elit proin interdum mauris non ligula pellentesque ultrices phasellus id sapien in sapien iaculis');
insert into assessment_second_serie_load_register (id, subjective_effort_perspective, scale_of_feeling) values (13, 'congue risus semper porta volutpat quam pede lobortis ligula sit amet eleifend pede libero quis orci nullam molestie nibh', 'consequat dui nec nisi volutpat eleifend donec ut dolor morbi vel lectus in quam');
insert into assessment_second_serie_load_register (id, subjective_effort_perspective, scale_of_feeling) values (14, 'morbi non lectus aliquam sit amet diam in magna bibendum imperdiet nullam orci pede venenatis non sodales sed tincidunt', 'ac diam cras pellentesque volutpat dui maecenas tristique est et tempus semper est quam pharetra magna');
insert into assessment_second_serie_load_register (id, subjective_effort_perspective, scale_of_feeling) values (15, 'turpis a pede posuere nonummy integer non velit donec diam neque vestibulum eget vulputate ut ultrices vel augue vestibulum', 'amet cursus id turpis integer aliquet massa id lobortis convallis tortor risus dapibus augue vel accumsan tellus nisi');
insert into assessment_second_serie_load_register (id, subjective_effort_perspective, scale_of_feeling) values (16, 'lacus purus aliquet at feugiat non pretium quis lectus suspendisse potenti in', 'pede justo lacinia eget tincidunt eget tempus vel pede morbi porttitor lorem id');
insert into assessment_second_serie_load_register (id, subjective_effort_perspective, scale_of_feeling) values (17, 'ultrices vel augue vestibulum ante ipsum primis in faucibus orci luctus et ultrices posuere cubilia curae donec pharetra magna', 'vestibulum eget vulputate ut ultrices vel augue vestibulum ante ipsum primis in faucibus orci luctus et ultrices posuere cubilia');
insert into assessment_second_serie_load_register (id, subjective_effort_perspective, scale_of_feeling) values (18, 'lacus at velit vivamus vel nulla eget eros elementum pellentesque quisque porta', 'pharetra magna ac consequat metus sapien ut nunc vestibulum ante ipsum primis in faucibus');
insert into assessment_second_serie_load_register (id, subjective_effort_perspective, scale_of_feeling) values (19, 'justo pellentesque viverra pede ac diam cras pellentesque volutpat dui', 'lacinia eget tincidunt eget tempus vel pede morbi porttitor lorem id ligula suspendisse ornare consequat lectus in est risus');
insert into assessment_second_serie_load_register (id, subjective_effort_perspective, scale_of_feeling) values (20, 'montes nascetur ridiculus mus etiam vel augue vestibulum rutrum rutrum', 'suspendisse potenti nullam porttitor lacus at turpis donec posuere metus vitae ipsum aliquam non mauris');

